Protocollo;Gruppo;DataOraIncidente;Localizzazione1;STRADA1;Localizzazione2;STRADA2;Strada02;Chilometrica;DaSpecificare;NaturaIncidente;particolaritastrade;TipoStrada;FondoStradale;Pavimentazione;Segnaletica;CondizioneAtmosferica;Traffico;Visibilita;Illuminazione;NUM_FERITI;NUM_RISERVATA;NUM_MORTI;NUM_ILLESI;Longitudine;Latitudine;Confermato;Progressivo;TipoVeicolo;StatoVeicolo;TipoPersona;Sesso;Tipolesione;Deceduto;DecedutoDopo;CinturaCascoUtilizzato;Airbag
1818126;5;03/10/2009 15:00;Statale entro l'abitato;VIA TIBURTINA;da specificare;;;;100 mt prima del civico 994;Infortunio per caduta del veicolo;Rettilineo;Una carreggiata a doppio senso;Asciutto;Asfaltata;Orizzontale;Sereno;Normale;Buona;Ore Diurne;1;0;0;0;;;-1;1;Motociclo a solo;In marcia / fermata / arresto;Conducente;M;Rimandato;0;NON DECEDUTO;Non accertato;Inesistente
1818127;5;26/10/2009 18:30;Strada Urbana;VIA DI TOR CERVARA;in prossimità;;del civico n. ;114;;Investimento di pedone;Rettilineo;Una carreggiata a doppio senso;Asciutto;Asfaltata;Orizzontale;Sereno;Normale;Buona;Sufficiente;1;0;0;1;;;-1;;;;Pedone;M;Rimandato;0;NON DECEDUTO;;
1818127;5;26/10/2009 18:30;Strada Urbana;VIA DI TOR CERVARA;in prossimità;;del civico n. ;114;;Investimento di pedone;Rettilineo;Una carreggiata a doppio senso;Asciutto;Asfaltata;Orizzontale;Sereno;Normale;Buona;Sufficiente;1;0;0;1;;;-1;1;Autovettura privata;In marcia / fermata / arresto;Conducente;F;Illeso;0;;Non accertato;Inesistente
1818128;5;27/10/2009 07:50;Statale entro l'abitato;VIA TIBURTINA;in prossimità;;del civico n. ;364;;Investimento di pedone;Rettilineo;Più di due carreggiate;Asciutto;Asfaltata;Orizzontale;Sereno;Intenso;Buona;Ore Diurne;3;0;0;0;;;-1;;;;Pedone;F;Rimandato;0;NON DECEDUTO;;
1818128;5;27/10/2009 07:50;Statale entro l'abitato;VIA TIBURTINA;in prossimità;;del civico n. ;364;;Investimento di pedone;Rettilineo;Più di due carreggiate;Asciutto;Asfaltata;Orizzontale;Sereno;Intenso;Buona;Ore Diurne;3;0;0;0;;;-1;;;;Pedone;F;Rimandato;0;NON DECEDUTO;;
1818128;5;27/10/2009 07:50;Statale entro l'abitato;VIA TIBURTINA;in prossimità;;del civico n. ;364;;Investimento di pedone;Rettilineo;Più di due carreggiate;Asciutto;Asfaltata;Orizzontale;Sereno;Intenso;Buona;Ore Diurne;3;0;0;0;;;-1;1;Motociclo a solo;In marcia / fermata / arresto;Conducente;M;Rimandato;0;NON DECEDUTO;Non accertato;Inesistente
1818129;5;30/10/2009 14:05;Strada Urbana;VIA DEI MONTI TIBURTINI;in prossimità;;del civico n. ;145;;Scontro laterale fra veicoli in marcia;Rettilineo;Due carreggiate;Asciutto;Asfaltata;Orizzontale;Sereno;Intenso;Buona;Ore Diurne;0;0;0;2;;;-1;1;Veicolo speciale;In marcia / fermata / arresto;Conducente;M;Illeso;0;;Non accertato;Inesistente
1818129;5;30/10/2009 14:05;Strada Urbana;VIA DEI MONTI TIBURTINI;in prossimità;;del civico n. ;145;;Scontro laterale fra veicoli in marcia;Rettilineo;Due carreggiate;Asciutto;Asfaltata;Orizzontale;Sereno;Intenso;Buona;Ore Diurne;0;0;0;2;;;-1;2;Autovettura privata;In marcia / fermata / arresto;Conducente;F;Illeso;0;;Non accertato;Inesistente
1818187;16;12/10/2009 15:30;Strada Urbana;VIA QUINTO CECILIO;in prossimità;;del civico n. ;24;;Infortunio per sola frenata improvvisa;Curva a visuale libera;Una carreggiata a senso unico di marcia;Bagnato (pioggia);Asfaltata;Assente;Nuvoloso;Normale;Buona;Ore Diurne;0;0;0;2;;;-1;1;Ciclomotore;In marcia / fermata / arresto;Conducente;M;Illeso;0;;Non accertato;Inesistente
1818187;16;12/10/2009 15:30;Strada Urbana;VIA QUINTO CECILIO;in prossimità;;del civico n. ;24;;Infortunio per sola frenata improvvisa;Curva a visuale libera;Una carreggiata a senso unico di marcia;Bagnato (pioggia);Asfaltata;Assente;Nuvoloso;Normale;Buona;Ore Diurne;0;0;0;2;;;-1;2;Autovettura privata;In marcia / fermata / arresto;Conducente;M;Illeso;0;;Non accertato;Inesistente
1818191;17;20/10/2009 11:30;Strada Urbana;VIALE GIUSEPPE MAZZINI;in prossimità;;del civico n. ;40;;Scontro laterale fra veicoli in marcia;Rettilineo;Due carreggiate;Asciutto;Asfaltata;Verticale ed orizzontale;Sereno;Normale;Buona;Ore Diurne;0;0;0;3;;;-1;1;Autovettura privata;In marcia / fermata / arresto;Conducente;F;Illeso;0;;Non accertato;Inesploso
1818191;17;20/10/2009 11:30;Strada Urbana;VIALE GIUSEPPE MAZZINI;in prossimità;;del civico n. ;40;;Scontro laterale fra veicoli in marcia;Rettilineo;Due carreggiate;Asciutto;Asfaltata;Verticale ed orizzontale;Sereno;Normale;Buona;Ore Diurne;0;0;0;3;;;-1;1;Autovettura privata;In marcia / fermata / arresto;Passeggero;M;Illeso;0;;Non accertato;Inesploso
1818191;17;20/10/2009 11:30;Strada Urbana;VIALE GIUSEPPE MAZZINI;in prossimità;;del civico n. ;40;;Scontro laterale fra veicoli in marcia;Rettilineo;Due carreggiate;Asciutto;Asfaltata;Verticale ed orizzontale;Sereno;Normale;Buona;Ore Diurne;0;0;0;3;;;-1;2;Autovettura privata;In marcia / fermata / arresto;Conducente;M;Illeso;0;;Non accertato;Inesploso
1818192;17;20/10/2009 15:20;Strada Urbana;PIAZZA DEL RISORGIMENTO;in corrispondenza;;del civico n. ;37;;Scontro laterale fra veicoli in marcia;Rettilineo;Una carreggiata a senso unico di marcia;Asciutto;Asfaltata;Verticale ed orizzontale;Sereno;Intenso;Buona;Ore Diurne;0;0;0;3;;;-1;1;Autovettura privata;In marcia / fermata / arresto;Conducente;M;Illeso;0;;Utilizzato;Inesploso
1818192;17;20/10/2009 15:20;Strada Urbana;PIAZZA DEL RISORGIMENTO;in corrispondenza;;del civico n. ;37;;Scontro laterale fra veicoli in marcia;Rettilineo;Una carreggiata a senso unico di marcia;Asciutto;Asfaltata;Verticale ed orizzontale;Sereno;Intenso;Buona;Ore Diurne;0;0;0;3;;;-1;2;Autovettura privata;In marcia / fermata / arresto;Conducente;F;Illeso;0;;Non accertato;Inesploso
1818192;17;20/10/2009 15:20;Strada Urbana;PIAZZA DEL RISORGIMENTO;in corrispondenza;;del civico n. ;37;;Scontro laterale fra veicoli in marcia;Rettilineo;Una carreggiata a senso unico di marcia;Asciutto;Asfaltata;Verticale ed orizzontale;Sereno;Intenso;Buona;Ore Diurne;0;0;0;3;;;-1;2;Autovettura privata;In marcia / fermata / arresto;Passeggero;F;Illeso;0;;Non accertato;Inesploso
1818193;17;20/10/2009 16:00;Strada Urbana;VIA DEL MASCHERINO;in corrispondenza;;del civico n. ;11;;Scontro laterale fra veicoli in marcia;Rettilineo;Una carreggiata a doppio senso;Asciutto;In cubetti di porfido;Verticale ed orizzontale;Sereno;Normale;Buona;Ore Diurne;0;0;0;3;;;-1;1;Autobus in extraurbana;In marcia / fermata / arresto;Conducente;M;Illeso;0;;Non accertato;Inesistente
1818193;17;20/10/2009 16:00;Strada Urbana;VIA DEL MASCHERINO;in corrispondenza;;del civico n. ;11;;Scontro laterale fra veicoli in marcia;Rettilineo;Una carreggiata a doppio senso;Asciutto;In cubetti di porfido;Verticale ed orizzontale;Sereno;Normale;Buona;Ore Diurne;0;0;0;3;;;-1;2;Veicolo speciale;In marcia / fermata / arresto;Conducente;F;Illeso;0;;Non accertato;Inesistente
1818193;17;20/10/2009 16:00;Strada Urbana;VIA DEL MASCHERINO;in corrispondenza;;del civico n. ;11;;Scontro laterale fra veicoli in marcia;Rettilineo;Una carreggiata a doppio senso;Asciutto;In cubetti di porfido;Verticale ed orizzontale;Sereno;Normale;Buona;Ore Diurne;0;0;0;3;;;-1;2;Veicolo speciale;In marcia / fermata / arresto;Passeggero;F;Illeso;0;;Non accertato;Inesistente
1818194;17;21/10/2009 08:00;Strada Urbana;VIA VIRGINIO ORSINI;all'intersezione con;VIA DEGLI SCIPIONI;VIA DEGLI SCIPIONI;;;Tamponamento;Intersezione stradale segnalata;Una carreggiata a senso unico di marcia;Asciutto;Asfaltata;Verticale ed orizzontale;Sereno;Normale;Buona;Ore Diurne;0;0;0;2;;;-1;1;Autovettura privata;In marcia / fermata / arresto;Conducente;M;Illeso;0;;Non accertato;Inesploso
1818194;17;21/10/2009 08:00;Strada Urbana;VIA VIRGINIO ORSINI;all'intersezione con;VIA DEGLI SCIPIONI;VIA DEGLI SCIPIONI;;;Tamponamento;Intersezione stradale segnalata;Una carreggiata a senso unico di marcia;Asciutto;Asfaltata;Verticale ed orizzontale;Sereno;Normale;Buona;Ore Diurne;0;0;0;2;;;-1;2;Motociclo a solo;In marcia / fermata / arresto;Conducente;M;Illeso;0;;Non accertato;Inesistente
1818195;17;21/10/2009 09:40;Strada Urbana;LARGO GIOVANNI XXIII;da specificare;;;;all'intersezione con Lgt. Vaticano;Scontro laterale fra veicoli in marcia;Curva a visuale libera;Una carreggiata a senso unico di marcia;Asciutto;Asfaltata;Verticale ed orizzontale;Sereno;Normale;Buona;Ore Diurne;0;0;0;3;;;-1;1;Autovettura privata;In marcia / fermata / arresto;Conducente;M;Illeso;0;;Non accertato;Inesistente
1818195;17;21/10/2009 09:40;Strada Urbana;LARGO GIOVANNI XXIII;da specificare;;;;all'intersezione con Lgt. Vaticano;Scontro laterale fra veicoli in marcia;Curva a visuale libera;Una carreggiata a senso unico di marcia;Asciutto;Asfaltata;Verticale ed orizzontale;Sereno;Normale;Buona;Ore Diurne;0;0;0;3;;;-1;2;Autovettura privata;In marcia / fermata / arresto;Conducente;F;Illeso;0;;Non accertato;Inesistente
1818195;17;21/10/2009 09:40;Strada Urbana;LARGO GIOVANNI XXIII;da specificare;;;;all'intersezione con Lgt. Vaticano;Scontro laterale fra veicoli in marcia;Curva a visuale libera;Una carreggiata a senso unico di marcia;Asciutto;Asfaltata;Verticale ed orizzontale;Sereno;Normale;Buona;Ore Diurne;0;0;0;3;;;-1;2;Autovettura privata;In marcia / fermata / arresto;Passeggero;F;Illeso;0;;Non accertato;Inesistente
1818221;4;16/10/2009 06:00;Strada Urbana;VIA NOMENTANA;in prossimità;;della chilometrica ;12,1;;Tamponamento;Rettilineo;Una carreggiata a doppio senso;Asciutto;Asfaltata;Orizzontale;Sereno;Scarso;Buona;Sufficiente;0;0;0;2;;;-1;1;Autocarro inferiore 35 q.;In marcia / fermata / arresto;Conducente;M;Illeso;0;;Non accertato;Inesistente
1818221;4;16/10/2009 06:00;Strada Urbana;VIA NOMENTANA;in prossimità;;della chilometrica ;12,1;;Tamponamento;Rettilineo;Una carreggiata a doppio senso;Asciutto;Asfaltata;Orizzontale;Sereno;Scarso;Buona;Sufficiente;0;0;0;2;;;-1;2;Autovettura privata;In marcia / fermata / arresto;Conducente;M;Illeso;0;;Non accertato;Inesistente
1818222;4;18/10/2009 16:30;Statale;VIA SALARIA;all'intersezione con;VIA ANGELO BANTI;VIA ANGELO BANTI;;;Scontro frontale/laterale DX fra veicoli in marcia;Incrocio;Una carreggiata a doppio senso;Asciutto;Asfaltata;Verticale ed orizzontale;Sereno;Normale;Buona;Ore Diurne;0;0;0;5;;;-1;1;Autovettura privata;In marcia / fermata / arresto;Conducente;M;Illeso;0;;Non accertato;Inesistente
1818222;4;18/10/2009 16:30;Statale;VIA SALARIA;all'intersezione con;VIA ANGELO BANTI;VIA ANGELO BANTI;;;Scontro frontale/laterale DX fra veicoli in marcia;Incrocio;Una carreggiata a doppio senso;Asciutto;Asfaltata;Verticale ed orizzontale;Sereno;Normale;Buona;Ore Diurne;0;0;0;5;;;-1;2;Autovettura privata;In marcia / fermata / arresto;Conducente;M;Illeso;0;;Non accertato;Inesistente
1818222;4;18/10/2009 16:30;Statale;VIA SALARIA;all'intersezione con;VIA ANGELO BANTI;VIA ANGELO BANTI;;;Scontro frontale/laterale DX fra veicoli in marcia;Incrocio;Una carreggiata a doppio senso;Asciutto;Asfaltata;Verticale ed orizzontale;Sereno;Normale;Buona;Ore Diurne;0;0;0;5;;;-1;2;Autovettura privata;In marcia / fermata / arresto;Passeggero;F;Illeso;0;;Non accertato;Inesistente
1818222;4;18/10/2009 16:30;Statale;VIA SALARIA;all'intersezione con;VIA ANGELO BANTI;VIA ANGELO BANTI;;;Scontro frontale/laterale DX fra veicoli in marcia;Incrocio;Una carreggiata a doppio senso;Asciutto;Asfaltata;Verticale ed orizzontale;Sereno;Normale;Buona;Ore Diurne;0;0;0;5;;;-1;2;Autovettura privata;In marcia / fermata / arresto;Passeggero;M;Illeso;0;;Non accertato;Inesistente
1818222;4;18/10/2009 16:30;Statale;VIA SALARIA;all'intersezione con;VIA ANGELO BANTI;VIA ANGELO BANTI;;;Scontro frontale/laterale DX fra veicoli in marcia;Incrocio;Una carreggiata a doppio senso;Asciutto;Asfaltata;Verticale ed orizzontale;Sereno;Normale;Buona;Ore Diurne;0;0;0;5;;;-1;2;Autovettura privata;In marcia / fermata / arresto;Passeggero;M;Illeso;0;;Non accertato;Inesistente
1818223;4;24/10/2009 00:50;Statale;VIA FLAMINIA;in prossimità;;della chilometrica ;19;;Fuoriuscita dalla sede stradale;Rettilineo;Una carreggiata a doppio senso;Asciutto;Asfaltata;Orizzontale;Nuvoloso;Scarso;Insufficiente;Insufficiente;1;0;0;0;;;-1;1;Autovettura privata;In marcia / fermata / arresto;Conducente;M;Rifiuta cure immediate;0;NON DECEDUTO;Non accertato;Inesistente
1818224;4;24/10/2009 07:50;Strada Urbana;VIA FRANCESCO D'OVIDIO;all'intersezione con;VIA POLICARPO PETROCCHI;VIA POLICARPO PETROCCHI;;;Scontro frontale/laterale DX fra veicoli in marcia;Incrocio;Una carreggiata a senso unico di marcia;Bagnato (umidità in atto);Asfaltata;Verticale ed orizzontale;Nuvoloso;Scarso;Buona;Ore Diurne;0;0;0;2;;;-1;1;Autobus urbano;In marcia / fermata / arresto;Conducente;M;Illeso;0;;Esente;Inesistente
1818224;4;24/10/2009 07:50;Strada Urbana;VIA FRANCESCO D'OVIDIO;all'intersezione con;VIA POLICARPO PETROCCHI;VIA POLICARPO PETROCCHI;;;Scontro frontale/laterale DX fra veicoli in marcia;Incrocio;Una carreggiata a senso unico di marcia;Bagnato (umidità in atto);Asfaltata;Verticale ed orizzontale;Nuvoloso;Scarso;Buona;Ore Diurne;0;0;0;2;;;-1;2;Autovettura privata;In marcia / fermata / arresto;Conducente;F;Illeso;0;;Non accertato;Inesistente
1818225;4;24/10/2009 12:00;Strada Urbana;VIA RENATO FUCINI;in corrispondenza;;del civico n. ;40;;Tamponamento Multiplo;Rettilineo;Due carreggiate;Asciutto;Asfaltata;Verticale ed orizzontale;Sereno;Normale;Buona;Ore Diurne;3;0;0;4;;;-1;1;Autocarro inferiore 35 q.;In marcia / fermata / arresto;Conducente;M;Illeso;0;;Non accertato;Inesistente
1818225;4;24/10/2009 12:00;Strada Urbana;VIA RENATO FUCINI;in corrispondenza;;del civico n. ;40;;Tamponamento Multiplo;Rettilineo;Due carreggiate;Asciutto;Asfaltata;Verticale ed orizzontale;Sereno;Normale;Buona;Ore Diurne;3;0;0;4;;;-1;2;Autovettura privata;In marcia / fermata / arresto;Conducente;F;Rimandato;0;NON DECEDUTO;Non accertato;Inesistente
1818225;4;24/10/2009 12:00;Strada Urbana;VIA RENATO FUCINI;in corrispondenza;;del civico n. ;40;;Tamponamento Multiplo;Rettilineo;Due carreggiate;Asciutto;Asfaltata;Verticale ed orizzontale;Sereno;Normale;Buona;Ore Diurne;3;0;0;4;;;-1;2;Autovettura privata;In marcia / fermata / arresto;Passeggero;F;Rimandato;0;NON DECEDUTO;Non accertato;Inesistente
1818225;4;24/10/2009 12:00;Strada Urbana;VIA RENATO FUCINI;in corrispondenza;;del civico n. ;40;;Tamponamento Multiplo;Rettilineo;Due carreggiate;Asciutto;Asfaltata;Verticale ed orizzontale;Sereno;Normale;Buona;Ore Diurne;3;0;0;4;;;-1;2;Autovettura privata;In marcia / fermata / arresto;Passeggero;F;Rimandato;0;NON DECEDUTO;Non accertato;Inesistente
1818225;4;24/10/2009 12:00;Strada Urbana;VIA RENATO FUCINI;in corrispondenza;;del civico n. ;40;;Tamponamento Multiplo;Rettilineo;Due carreggiate;Asciutto;Asfaltata;Verticale ed orizzontale;Sereno;Normale;Buona;Ore Diurne;3;0;0;4;;;-1;3;Autovettura privata;In marcia / fermata / arresto;Conducente;F;Illeso;0;;Non accertato;Inesistente
1818225;4;24/10/2009 12:00;Strada Urbana;VIA RENATO FUCINI;in corrispondenza;;del civico n. ;40;;Tamponamento Multiplo;Rettilineo;Due carreggiate;Asciutto;Asfaltata;Verticale ed orizzontale;Sereno;Normale;Buona;Ore Diurne;3;0;0;4;;;-1;4;Autovettura privata;In marcia / fermata / arresto;Conducente;M;Illeso;0;;Non accertato;Inesistente
1818225;4;24/10/2009 12:00;Strada Urbana;VIA RENATO FUCINI;in corrispondenza;;del civico n. ;40;;Tamponamento Multiplo;Rettilineo;Due carreggiate;Asciutto;Asfaltata;Verticale ed orizzontale;Sereno;Normale;Buona;Ore Diurne;3;0;0;4;;;-1;4;Autovettura privata;In marcia / fermata / arresto;Passeggero;F;Illeso;0;;Non accertato;Inesistente
1818226;4;24/10/2009 12:05;Strada Urbana;VIA RENATO FUCINI;in prossimità;;del civico n. ;140;;Scontro laterale fra veicoli in marcia;Rettilineo;Due carreggiate;Asciutto;Asfaltata;Assente;Sereno;Normale;Buona;Ore Diurne;0;0;0;2;;;-1;1;Ciclomotore;In marcia / fermata / arresto;Conducente;M;Illeso;0;;Non accertato;Inesistente
1818226;4;24/10/2009 12:05;Strada Urbana;VIA RENATO FUCINI;in prossimità;;del civico n. ;140;;Scontro laterale fra veicoli in marcia;Rettilineo;Due carreggiate;Asciutto;Asfaltata;Assente;Sereno;Normale;Buona;Ore Diurne;0;0;0;2;;;-1;2;Autovettura privata;In marcia / fermata / arresto;Conducente;F;Illeso;0;;Non accertato;Inesistente
1818227;4;24/10/2009 14:20;Strada Urbana;VIA DEI PRATI FISCALI;all'intersezione con;VIA VAL DI SANGRO;VIA VAL DI SANGRO;;;Scontro laterale fra veicoli in marcia;Incrocio;Due carreggiate;Asciutto;Asfaltata;Verticale ed orizzontale;Sereno;Normale;Buona;Ore Diurne;0;0;0;2;;;-1;1;Autovettura privata;In marcia / fermata / arresto;Conducente;M;Illeso;0;;Non accertato;Inesistente
1818227;4;24/10/2009 14:20;Strada Urbana;VIA DEI PRATI FISCALI;all'intersezione con;VIA VAL DI SANGRO;VIA VAL DI SANGRO;;;Scontro laterale fra veicoli in marcia;Incrocio;Due carreggiate;Asciutto;Asfaltata;Verticale ed orizzontale;Sereno;Normale;Buona;Ore Diurne;0;0;0;2;;;-1;2;Autovettura privata;In marcia / fermata / arresto;Conducente;M;Illeso;0;;Non accertato;Inesistente
1818228;4;24/10/2009 16:00;Statale entro l'abitato;VIA SALARIA;da specificare;;;;rampa per Via Cortona;Veicolo in marcia contro ostacolo fisso;Rettilineo;Due carreggiate;Asciutto;Asfaltata;Verticale ed orizzontale;Sereno;Normale;Buona;Ore Diurne;0;0;0;1;;;-1;1;Autovettura privata;In marcia / fermata / arresto;Conducente;M;Illeso;0;;Non accertato;Inesistente
1818229;4;24/10/2009 16:30;Provinciale entro l'abitato;VIA NOMENTANA;da specificare;;;;Ponte sopra G.R.A.;Tamponamento;Rettilineo;Una carreggiata a doppio senso;Asciutto;Asfaltata;Orizzontale;Sereno;Intenso;Buona;Ore Diurne;1;0;0;3;;;-1;1;Motociclo a solo;In marcia / fermata / arresto;Conducente;M;Ricoverato;0;NON DECEDUTO;Non accertato;Inesistente
1818229;4;24/10/2009 16:30;Provinciale entro l'abitato;VIA NOMENTANA;da specificare;;;;Ponte sopra G.R.A.;Tamponamento;Rettilineo;Una carreggiata a doppio senso;Asciutto;Asfaltata;Orizzontale;Sereno;Intenso;Buona;Ore Diurne;1;0;0;3;;;-1;2;Autovettura privata;In marcia / fermata / arresto;Conducente;M;Illeso;0;;Non accertato;Inesistente
1818229;4;24/10/2009 16:30;Provinciale entro l'abitato;VIA NOMENTANA;da specificare;;;;Ponte sopra G.R.A.;Tamponamento;Rettilineo;Una carreggiata a doppio senso;Asciutto;Asfaltata;Orizzontale;Sereno;Intenso;Buona;Ore Diurne;1;0;0;3;;;-1;2;Autovettura privata;In marcia / fermata / arresto;Passeggero;M;Illeso;0;;Non accertato;Inesistente
1818229;4;24/10/2009 16:30;Provinciale entro l'abitato;VIA NOMENTANA;da specificare;;;;Ponte sopra G.R.A.;Tamponamento;Rettilineo;Una carreggiata a doppio senso;Asciutto;Asfaltata;Orizzontale;Sereno;Intenso;Buona;Ore Diurne;1;0;0;3;;;-1;2;Autovettura privata;In marcia / fermata / arresto;Passeggero;M;Illeso;0;;Non accertato;Inesistente
1818230;4;24/10/2009 17:00;Statale;VIA SALARIA;da specificare;;;;altezza km 18.500;Tamponamento Multiplo;Rettilineo;Una carreggiata a doppio senso;Asciutto;Asfaltata;Orizzontale;Sereno;Intenso;Buona;Ore Diurne;0;0;0;3;;;-1;1;Autovettura privata;In marcia / fermata / arresto;Conducente;M;Illeso;0;;Non accertato;Inesistente
1818230;4;24/10/2009 17:00;Statale;VIA SALARIA;da specificare;;;;altezza km 18.500;Tamponamento Multiplo;Rettilineo;Una carreggiata a doppio senso;Asciutto;Asfaltata;Orizzontale;Sereno;Intenso;Buona;Ore Diurne;0;0;0;3;;;-1;2;Autocarro inferiore 35 q.;In marcia / fermata / arresto;Conducente;M;Illeso;0;;Non accertato;Inesistente
1818230;4;24/10/2009 17:00;Statale;VIA SALARIA;da specificare;;;;altezza km 18.500;Tamponamento Multiplo;Rettilineo;Una carreggiata a doppio senso;Asciutto;Asfaltata;Orizzontale;Sereno;Intenso;Buona;Ore Diurne;0;0;0;3;;;-1;3;Autovettura privata;In marcia / fermata / arresto;Conducente;M;Illeso;0;;Non accertato;Inesistente
1818231;4;25/10/2009 16:30;Strada Urbana;VIA MONTE SUBASIO;in prossimità;;del fronte civico n. ;2;;Veicolo in marcia contro ostacolo fisso;Rettilineo;Una carreggiata a senso unico di marcia;Asciutto;Asfaltata;Verticale ed orizzontale;Sereno;Normale;Buona;Ore Diurne;1;0;0;0;;;-1;1;Autovettura privata;In marcia / fermata / arresto;Conducente;M;Rimandato;0;NON DECEDUTO;Non accertato;Inesistente
1818232;5;24/10/2009 03:25;Strada Urbana;VIA DI PORTONACCIO;in corrispondenza;;del civico n. ;212;;Investimento di pedone;Rettilineo;Due carreggiate;Bagnato (pioggia);Asfaltata;Verticale ed orizzontale;Pioggia in atto;Scarso;Sufficiente;Sufficiente;2;0;0;2;;;-1;;;;Pedone;M;Rimandato;0;NON DECEDUTO;;
1818232;5;24/10/2009 03:25;Strada Urbana;VIA DI PORTONACCIO;in corrispondenza;;del civico n. ;212;;Investimento di pedone;Rettilineo;Due carreggiate;Bagnato (pioggia);Asfaltata;Verticale ed orizzontale;Pioggia in atto;Scarso;Sufficiente;Sufficiente;2;0;0;2;;;-1;;;;Pedone;M;Rimandato;0;NON DECEDUTO;;
1818232;5;24/10/2009 03:25;Strada Urbana;VIA DI PORTONACCIO;in corrispondenza;;del civico n. ;212;;Investimento di pedone;Rettilineo;Due carreggiate;Bagnato (pioggia);Asfaltata;Verticale ed orizzontale;Pioggia in atto;Scarso;Sufficiente;Sufficiente;2;0;0;2;;;-1;1;Autovettura privata;In marcia / fermata / arresto;Conducente;F;Illeso;0;;Non accertato;Inesistente
1818232;5;24/10/2009 03:25;Strada Urbana;VIA DI PORTONACCIO;in corrispondenza;;del civico n. ;212;;Investimento di pedone;Rettilineo;Due carreggiate;Bagnato (pioggia);Asfaltata;Verticale ed orizzontale;Pioggia in atto;Scarso;Sufficiente;Sufficiente;2;0;0;2;;;-1;2;Autovettura privata;In marcia / fermata / arresto;Conducente;F;Illeso;0;;Non accertato;Inesistente
1818295;4;25/10/2009 12:00;Strada Urbana;PIAZZALE JONIO;all'intersezione semaforizzata con;VIA DI VALLE MELAINA;VIA DI VALLE MELAINA;;;Scontro laterale fra veicoli in marcia;Intersezione semaforizzata;Due carreggiate;Asciutto;Asfaltata;Verticale ed orizzontale;Sereno;Normale;Buona;Ore Diurne;0;0;0;3;;;-1;1;Autovettura privata;In marcia / fermata / arresto;Conducente;M;Illeso;0;;Non accertato;Inesistente
1818295;4;25/10/2009 12:00;Strada Urbana;PIAZZALE JONIO;all'intersezione semaforizzata con;VIA DI VALLE MELAINA;VIA DI VALLE MELAINA;;;Scontro laterale fra veicoli in marcia;Intersezione semaforizzata;Due carreggiate;Asciutto;Asfaltata;Verticale ed orizzontale;Sereno;Normale;Buona;Ore Diurne;0;0;0;3;;;-1;1;Autovettura privata;In marcia / fermata / arresto;Passeggero;M;Illeso;0;;Non accertato;Inesistente
1818295;4;25/10/2009 12:00;Strada Urbana;PIAZZALE JONIO;all'intersezione semaforizzata con;VIA DI VALLE MELAINA;VIA DI VALLE MELAINA;;;Scontro laterale fra veicoli in marcia;Intersezione semaforizzata;Due carreggiate;Asciutto;Asfaltata;Verticale ed orizzontale;Sereno;Normale;Buona;Ore Diurne;0;0;0;3;;;-1;2;Autovettura privata;In marcia / fermata / arresto;Conducente;M;Illeso;0;;Non accertato;Inesistente
1818296;4;25/10/2009 14:00;Strada Urbana;VIA DELLE LUCARIE;in prossimità;;del civico n. ;49;;Veicolo in marcia contro veicolo fermo;Curva senza visuale libera;Una carreggiata a senso unico di marcia;Asciutto;Asfaltata;Assente;Sereno;Normale;Sufficiente;Ore Diurne;0;0;0;3;;;-1;1;Autovettura privata;Sosta;Conducente;M;Illeso;0;;Non accertato;Inesistente
1818296;4;25/10/2009 14:00;Strada Urbana;VIA DELLE LUCARIE;in prossimità;;del civico n. ;49;;Veicolo in marcia contro veicolo fermo;Curva senza visuale libera;Una carreggiata a senso unico di marcia;Asciutto;Asfaltata;Assente;Sereno;Normale;Sufficiente;Ore Diurne;0;0;0;3;;;-1;2;Autovettura privata;In marcia / fermata / arresto;Conducente;M;Illeso;0;;Non accertato;Inesistente
1818296;4;25/10/2009 14:00;Strada Urbana;VIA DELLE LUCARIE;in prossimità;;del civico n. ;49;;Veicolo in marcia contro veicolo fermo;Curva senza visuale libera;Una carreggiata a senso unico di marcia;Asciutto;Asfaltata;Assente;Sereno;Normale;Sufficiente;Ore Diurne;0;0;0;3;;;-1;2;Autovettura privata;In marcia / fermata / arresto;Passeggero;M;Illeso;0;;Non accertato;Inesistente
1818297;4;25/10/2009 17:30;Strada Urbana;VIA GIUSEPPE DE SANTIS;in prossimità;;del civico n. ;3;;Scontro frontale/laterale DX fra veicoli in marcia;Rettilineo;Una carreggiata a doppio senso;Asciutto;Asfaltata;Verticale ed orizzontale;Sereno;Normale;Buona;Sufficiente;1;0;0;3;;;-1;1;Autovettura privata;In marcia / fermata / arresto;Passeggero;M;Illeso;0;;Non accertato;Inesistente
1818297;4;25/10/2009 17:30;Strada Urbana;VIA GIUSEPPE DE SANTIS;in prossimità;;del civico n. ;3;;Scontro frontale/laterale DX fra veicoli in marcia;Rettilineo;Una carreggiata a doppio senso;Asciutto;Asfaltata;Verticale ed orizzontale;Sereno;Normale;Buona;Sufficiente;1;0;0;3;;;-1;1;Autovettura privata;In marcia / fermata / arresto;Conducente;M;Illeso;0;;Non accertato;Inesistente